Txhash,Method,Blockno,DateTime (UTC),From,From_Nametag,To,To_Nametag,Value,Txn Fee
"0xce3030b5adf196f7ea81fbf6c33eeb964faccb6238607cc52dfcbfd31953819f","Transfer","19449181","2024-03-16 18:18:11","0x74dec05e5b894b0efec69cdf6316971802a2f9a1","","0x14d2d1e4f9564978b772944b02fc728627035384","","0.0852571 ETH","0.00089299"
"0x1c5d62766568740041456f249faf53c809a0f9732ac8f785c5eb544d01f9862e","Transfer","19449181","2024-03-16 18:18:11","0x74dec05e5b894b0efec69cdf6316971802a2f9a1","","0xd4434b38891bb99d05ba60b0424354c106ea350c","","0.04099407 ETH","0.00088249"
"0x988ad96f1a19753a3908d19650dddf4fd545a0a5777ad3c0aaa7caba90dfd28d","Transfer","19449181","2024-03-16 18:18:11","0x406c22b8740ae955b04fd11c2061e053807e2a69","BingX 9","0xea4699def7d4dd43f18a603304376149dfb3662a","","1.37057315 ETH","0.00088249"
"0xd8129f6f10f1852752f65ae95fbcf860466b4e95c9b1b837323dc8ec78bb3ea4","Transfer","19449181","2024-03-16 18:18:11","0x4b8958418151f32a7bedff29f64934fd1ab51d58","","0x8b7eb4a70be673ed3d91287b7f610e6210851c3d","","0.007 ETH","0.00088249"
"0x2cc266d693220d45e1eeedfe98ded25e5d7d7af3aadaca3a53ee8e78a5563618","Transfer","19449181","2024-03-16 18:18:11","0x557237026de5370dc50d60d8b2a343ad5dd97b32","","0x95ad61b0a150d79219dcf64e1e6cc01f0b64c4ce","Shiba Inu: SHIB Token","0 ETH","0.00126049"
"0x9fff381f01da8983b1ad7efb3b13c5c0f717ded04dc307ed5660f82bfe148aba","Transfer","19449181","2024-03-16 18:18:11","0xc455e9fed928e5fd64e329cf6dd4d1b8edfaadf7","","0x95ad61b0a150d79219dcf64e1e6cc01f0b64c4ce","Shiba Inu: SHIB Token","0 ETH","0.00126099"
"0x17a77e06749cb42b521d16f580afd14aaa2adc0de82b4e480150883a547948ec","Transfer","19449181","2024-03-16 18:18:11","0xa294cca691e4c83b1fc0c8d63d9a3eef0a196de1","Fund: 0xa29...de1","0x4e15361fd6b4bb609fa63c81a2be19d873717870","Fantom: FTM Token","0 ETH","0.00241546"
"0xf0cdbf010edddb54f52174957f35435d338a47156d54876e8e853bd52c1eb6bc","Transfer","19449181","2024-03-16 18:18:11","0xdb3a2f51a522ae520f2cf64c84ce6877464492ac","","0x95ad61b0a150d79219dcf64e1e6cc01f0b64c4ce","Shiba Inu: SHIB Token","0 ETH","0.00126099"
"0xf6611d27f1a4c55c29b39574dc0bb88b3b9d4003d291a7dcb9525c43194a3b6c","Transfer","19449181","2024-03-16 18:18:11","0x9799ba42d4e46318f81b80710cb108fcb1268f1a","","0xb23d80f5fefcddaa212212f028021b41ded428cf","Prime Foundation: PRIME Token","0 ETH","0.00134239"
"0xd22d57dbd96e57b4bde271c9608191ceae24e5c678953e83518a31b5a93e54fb","Transfer","19449181","2024-03-16 18:18:11","0x8a875740903726552660067b8a85830ad829234c","","0xc18360217d8f7ab5e7c516566761ea12ce7f9d72","ENS: ENS Token","0 ETH","0.0014796"
"0xb5912e7cfd92a396a8dfcd12386f819043b207b8b6215aadaee96e544f80561e","Transfer","19449181","2024-03-16 18:18:11","0x712aab64633665181806846ca27fe4643c89f652","","0xd82f8e1f7178a4fcb0058dd77201f7b4b823e766","","3 ETH","0.00088342"
"0x53202d9c140468917e7467ce471a045e9251510901a34f1142e6538064a8ca68","0x0d5f0e3b","19449181","2024-03-16 18:18:11","0xb4457690e3923d9be01ef9a6fbcd4370b84bc8dc","","0xf3de3c0d654fda23dad170f0f320a92172509127","","0 ETH","0.00862144"
"0xee0e537c40ae6a572c366ad2f108542da7be23f5fea8db162b9f20b0a864feff","Approve","19449181","2024-03-16 18:18:11","0x5e29840500773d0c36ec69e42208a99753abf2c6","","0x994bf19e32584255d82896d1477488e87012f209","","0 ETH","0.00197703"
"0x22611789220429d18327f3e7435d2b12aa3cbaec6db37d0cb9cb192bd56ff83f","Swap","19449181","2024-03-16 18:18:11","0x66934cf346235ff144e840566f20857ae27f1c17","","0x1111111254fb6c44bac0bed2854e76f90643097d","1inch v4: Aggregation Router","0.416433489 ETH","0.00510067"
"0xe9b9a4d673415ea48d0e7eabd47b2fb2fa04c1cfa44b1824625de45b0de677c5","Transfer","19449181","2024-03-16 18:18:11","0x595063172c85b1e8ac2fe74fcb6b7dc26844cc2d","Paribu 6","0x809c31087b778d27ba769057425e6e6f630c6d95","","1.238895 ETH","0.00090349"
"0x13b12468c5859b3b1cf064c3f20586539c33ccf28a1623236acdbbfdf5203e3c","Transfer","19449181","2024-03-16 18:18:11","0x28c6c06298d514db089934071355e5743bf21d60","Binance 14","0x6de037ef9ad2725eb40118bb1702ebb27e4aeb24","Render : RNDR Token","0 ETH","0.0025549"
"0xd9e63510639930fa7fe380d0b27ad830ca45ad60a47df9ce10c6ca101d5797d3","Transfer","19449181","2024-03-16 18:18:11","0xf07d08b7f99c0f6556051c311909a09841f1e7a8","","0x9647077ccc3ddbb52b0d877866905e4bcd322acc","","0.090792413 ETH","0.00090349"
"0x3462d663814c0765809fb85633984fb34e392d25959962deffd0bd417f641e36","Transfer","19449181","2024-03-16 18:18:11","0xdfd5293d8e347dfe59e90efd55b2956a1343963d","Binance 16","0xd1d2eb1b1e90b638588728b4130137d262c87cae","Gala Games: GALA Token","0 ETH","0.00198217"
"0x98416e4763ca9f90ee4dec45c5d1462d78d7da4bc3b478f5e1148916d235db5c","Transfer","19449181","2024-03-16 18:18:11","0x56eddb7aa87536c09ccc2793473599fd21a8b17f","Binance 17","0x4791a20b5468360b8194e1d4e35e799ea55823b7","serkanovski.eth","0.2229738 ETH","0.00090349"
"0x4b5110b00f133a78719f680eeca96b85a827b47e048d86b858a010c4b1951732","Transfer","19449181","2024-03-16 18:18:11","0xf89d7b9c864f589bbf53a82105107622b35eaa40","Bybit: Hot Wallet","0x1afb69dbc9f54d08dab1bd3436f8da1af819e647","Melos Studio: MELOS Token","0 ETH","0.00222671"
"0x2067e73361eaba3b559ba10ccb8ba4bb6db565b53a21bdf7e0738c868c54ae09","Transfer","19449181","2024-03-16 18:18:11","0xb5d85cbf7cb3ee0d56b3bb207d5fc4b82f43f511","Coinbase 5","0x7774421671c27d3f7d1f89294b8e5a44d6f35a0e","","0.17730662 ETH","0.00090349"
"0x84bfca9e9602f799fa6849be58e7bb54f694b295d90d5c0590c3215496bec69c","Transfer","19449181","2024-03-16 18:18:11","0x77696bb39917c91a0c3908d577d5e322095425ca","Coinbase 11","0x61d3939208639a89bab83cd1c792fe30996118db","","0.002174312 ETH","0.00090349"
"0x4cb3c8c0221d5794d28387cb590a5228d462db8022b548453d72cb84d825d81c","0xca350aa6","19449181","2024-03-16 18:18:11","0x7830c87c02e56aff27fa8ab1241711331fa86f43","Coinbase: Deposit","0xa9d1e08c7793af67e9d92fe308d5697fb81d3e43","Coinbase 10","0 ETH","0.02504093"
"0x834fa64fa03956864036c97f16bb264a511a3e3c6efde0460220ba3be4bc86cf","Transfer","19449181","2024-03-16 18:18:11","0x95a9bd206ae52c4ba8eecfc93d18eacdd41c88cc","Coinbase 13","0xa4cb9ef4de1c82d0a6b312f86546755509dd983d","","0.0027256 ETH","0.00090349"
"0x5f44f286b7e1bb72fb8b9ae492852b64429874c4631a1af3b1c54638291aa660","Transfer","19449181","2024-03-16 18:18:11","0x95a9bd206ae52c4ba8eecfc93d18eacdd41c88cc","Coinbase 13","0x5e81d0b5b0f0eaf1c225fa63da7c378611528765","","0.01366148 ETH","0.00090349"
"0xdaca1225f33108cfc3b9bc46f58a8077c51e739284d506a913f08af0655f5d50","Transfer","19449181","2024-03-16 18:18:11","0x77696bb39917c91a0c3908d577d5e322095425ca","Coinbase 11","0xbac909e16b0b49c11b6e913e80725013887cf940","","0.01367296 ETH","0.00090349"
"0xeb5f244c9a405a42ab147cab6172c123afd469c4b3899d48315349d3feac8e82","0x1a1da075","19449181","2024-03-16 18:18:11","0x7830c87c02e56aff27fa8ab1241711331fa86f43","Coinbase: Deposit","0xa9d1e08c7793af67e9d92fe308d5697fb81d3e43","Coinbase 10","0 ETH","0.01444406"
"0x64447391e84213eb7c80067ebc3589d151cd967754dc397ba548c23ca0d67ba5","Transfer","19449181","2024-03-16 18:18:11","0x71660c4005ba85c37ccec55d0c4493e66fe775d3","Coinbase 1","0x66a967b7961b308bdcd699f68b922c94a261c886","","0.01458124 ETH","0.00090349"
"0xc02b5bd7261156b922a9a3c77b4a82a713a39d6d23842480c8cef817e71b393a","Transfer","19449181","2024-03-16 18:18:11","0xa95af094ef93cf7804a5cee3c0e4d41ea8ff0f31","","0x9fdfb933ee990955d3219d4f892fd1f786b47c9b","","0 ETH","0.00231936"
"0x4aa5f5fb6f13744d6295a43db688002ed5830a522b5483bc3198db254ce87aea","Approve","19449181","2024-03-16 18:18:11","0xefbde03c61c424a76a3349bdcdba66d36b8ed3fa","","0x95ad61b0a150d79219dcf64e1e6cc01f0b64c4ce","Shiba Inu: SHIB Token","0 ETH","0.00201623"
"0x7476284d55538d7729737450d7dd0cda731675cb6df6a1104ebe016cee7dfbb1","Transfer","19449181","2024-03-16 18:18:11","0xb86a6769dba2209dbdd8034da7939e53e6b6cb04","","0xfd18fbd1f94fd4eb9968a1b9d7afbbc7543b33f0","","0.2 ETH","0.00090956"
"0xc02f964dea0dd60ef7a10fd425191ea3a8777caf099dc6d15f6ec33f231d7974","Transfer","19449181","2024-03-16 18:18:11","0x195e8cd1cca12fd18643000c6d4e21b766d92a10","","0xa0b86991c6218b36c1d19d4a2e9eb0ce3606eb48","Circle: USDC Token","0 ETH","0.00273996"
"0x7e138e30e38dea73333197a62965604b413c9640b2fe849e75851dab14559654","Transfer","19449181","2024-03-16 18:18:11","0x68bd0572eb856d4102156b0668ada8e1c1d74aa3","","0x2cc3941d7e7a3fa5d55d75b25748e497e4f83c46","","0.002562566 ETH","0.00092449"
"0xbaafa03f5b5696ae75bca8a3660f3c62f840b832f5a895ef1f60c48054a6c37a","Approve","19449181","2024-03-16 18:18:11","0xc28b3143a54bab2c61b4ee001d862fc334aa5045","","0x994bf19e32584255d82896d1477488e87012f209","","0 ETH","0.00205047"
"0x85feb777b10c84716e7779ae8afa1c9cb505c5afe6cf9a9e4cb96d2e4b01de8c","Transfer*","19449181","2024-03-16 18:18:11","0xf70da97812cb96acdf810712aa562db8dfa3dbef","","0x3055b0ff7012dbfecc6c26f55f3102e5d0ecfba5","","0.023 ETH","0.00092755"
"0xc1287699817fadf45e6cbd679b6be73709d3b86bc052fe39f7921020a2602a51","Transfer","19449181","2024-03-16 18:18:11","0xc60782f242c5b25afce19aa3ebb1788e59d9b38e","","0x727763240f1725dc0833e3bd352a9be0f8e2895b","","0.220011262 ETH","0.00093613"
"0xc3df445baa5031fae9b0ee8d689cf92e6034290306df13c8b21247f3f04e74c2","Transfer","19449181","2024-03-16 18:18:11","0xab782bc7d4a2b306825de5a7730034f8f63ee1bc","","0x41e5560054824ea6b0732e656e3ad64e20e94e45","Civic: CVC Token","0 ETH","0.00157812"
"0x24a9b4f1364f1fde9747df698e5d5dce93a751b4f7499d777264a762d05ef81f","Transfer","19449181","2024-03-16 18:18:11","0xb23360ccdd9ed1b15d45e5d3824bb409c8d7c460","","0xdac17f958d2ee523a2206206994597c13d831ec7","Tether: USDT Stablecoin","0 ETH","0.00285959"
"0x2d82f3ea0e24a5c23287bee38ae113858f7a6cf320f32cd72042ccf7af4eda11","Transfer","19449181","2024-03-16 18:18:11","0x151b381058f91cf871e7ea1ee83c45326f61e96d","","0x47e41749d85a87c9dd398e5b42ed9d0199bc9758","","0.0089 ETH","0.00095004"
"0x8d30d7e6117b3c91b9d0e31792ea801721ca8f92fa52d1f05a0dd760bd526d3e","Transfer","19449181","2024-03-16 18:18:11","0x8216874887415e2650d12d53ff53516f04a74fd7","","0xe12639cec7394d77131ecf2ea6111e8603b2bf5e","","0.4496 ETH","0.00095004"
"0xf7e104aede2cfc060a089d7bcd66af95c8a04b640640d5b34866ac54a26aaddf","Approve","19449181","2024-03-16 18:18:11","0x45952edd45a84609550e9965fc319066294abd14","","0xdac17f958d2ee523a2206206994597c13d831ec7","Tether: USDT Stablecoin","0 ETH","0.00223863"
"0x168224fa55d11cea865d4ffcfdafc059d4b55dfa30ab48d78e31b6df53f18eec","Transfer","19449181","2024-03-16 18:18:11","0x4159da094b50c0516e84a97258d769c291233a7c","","0x679f96f74e231b5403331c8b7de15fa971b68910","","0.039 ETH","0.00096143"
"0x78ae26d4b52e7a0dc425c6731d0b1740df79642584ff0975a5b3969ea2b48eff","Transfer","19449181","2024-03-16 18:18:11","0x1e92b8b02436c4e553bf72303a82bc977edf0188","","0x75e89d5979e4f6fba9f97c104c2f0afb3f1dcb88","MEXC: Mexc.com","9.998971 ETH","0.001029"
"0x9e3505deb188e68749c9a0d90755119bda65d2ee381d297d7fbc8fc51877e0e5","Transfer","19449181","2024-03-16 18:18:11","0xc6b23df4946dfdd49c2798f8771018a5b3865af4","","0x75e89d5979e4f6fba9f97c104c2f0afb3f1dcb88","MEXC: Mexc.com","0.137579231 ETH","0.001029"
"0xae3f3b12b2cb05776dc1ac4924f8b45a170120123f98538ee3109da9f55a6789","Transfer","19449181","2024-03-16 18:18:11","0xdf9a198bb99bd9d098c07fd60d473038e859f5a0","","0x75e89d5979e4f6fba9f97c104c2f0afb3f1dcb88","MEXC: Mexc.com","0.498971 ETH","0.001029"
"0x2ed96d8687d696573460cd39d364a57e7eb1ead0c2f9829562fa6d023d754362","Transfer","19449181","2024-03-16 18:18:11","0x6b10c89ca88393c7b4824f954cc0cd582d5823a1","","0x75e89d5979e4f6fba9f97c104c2f0afb3f1dcb88","MEXC: Mexc.com","0.892016598 ETH","0.001029"
"0xbbbe8ecc4d4ea58fdf475495b1d0bce166e414a71436b0249b8afd1de81265e1","Transfer","19449181","2024-03-16 18:18:11","0x192049cb76ba2af7960007e8cc142fc1bcebb514","","0x75e89d5979e4f6fba9f97c104c2f0afb3f1dcb88","MEXC: Mexc.com","2.015528893 ETH","0.001029"
"0xe3a17562b604c5ab74bfa1432fa514429e6c3e7322b9f6e7ed8b03c52e4c3542","Transfer","19449181","2024-03-16 18:18:11","0x0978caca98458765214a918ae5806f20e0af9d38","","0xa0b86991c6218b36c1d19d4a2e9eb0ce3606eb48","Circle: USDC Token","0 ETH","0.00197764"
"0x56b018edaa0df74b4e46cd2f837e3c9473c105fbad7cded1078cf4c2fd3462e0","Transfer","19449181","2024-03-16 18:18:11","0x3144dade1fda31bb3650a24a2471c3aa07869627","","0xb2617246d0c6c0087f18703d576831899ca94f01","Zignaly: ZIG Token","0 ETH","0.00146"
"0x129ba957726c1294a852893ed621639190737df1b74e359601a5075ca4e46889","Transfer","19449181","2024-03-16 18:18:11","0x281a0b034f4d12a80762df41389a25297fc7b793","","0x96610186f3ab8d73ebee1cf950c750f3b1fb79c2","Enjinstarter: EJS Token","0 ETH","0.00146387"
"0xc7bb849becd69ee48943625c6e12ad730e31151d66110b415ffa980cfa123f1a","Transfer","19449181","2024-03-16 18:18:11","0x9c99430045a23fc67a796e5f8e0a6f437198dc28","","0xdac17f958d2ee523a2206206994597c13d831ec7","Tether: USDT Stablecoin","0 ETH","0.00202355"
"0xe0c2b50687129e0023342ec6ecf2a81816248bce0a49eb1117778e6b33271425","Transfer","19449181","2024-03-16 18:18:11","0x165bbd7f7de44797e11365000400589f9c5ebdc1","","0xdac17f958d2ee523a2206206994597c13d831ec7","Tether: USDT Stablecoin","0 ETH","0.00202414"
"0xbefb680e7ad76811feea7233017d09ecbed5d80fea640de69a297310899b3f95","Transfer","19449181","2024-03-16 18:18:11","0x6fcad458781d9b95d9563bb2dd08724bb338253b","","0xdac17f958d2ee523a2206206994597c13d831ec7","Tether: USDT Stablecoin","0 ETH","0.00202414"
"0x61bda3f5ddf4c901dec1433fc05e47919461326499f064b93c13b7ed15d1a148","Transfer","19449181","2024-03-16 18:18:11","0x0ece7b9941ee30a143630a1f0b21c8677db70642","","0xdac17f958d2ee523a2206206994597c13d831ec7","Tether: USDT Stablecoin","0 ETH","0.00202414"
"0xc17360b7f6069dcc29fa388081aa8d84cb57fb7a421e11129da5bfaf971b69ab","Transfer","19449181","2024-03-16 18:18:11","0x6089f566bb773124c5d50786436b3d9201b43c90","","0xdac17f958d2ee523a2206206994597c13d831ec7","Tether: USDT Stablecoin","0 ETH","0.00202414"
"0x3d80f767654c295e0b3368cd180799172d4ee9b5ed5c17be4da994d6f0a8473f","Transfer","19449181","2024-03-16 18:18:11","0x9f0e1b78e7403dd32e3de9dc8f7c46db42a50ad9","","0xdac17f958d2ee523a2206206994597c13d831ec7","Tether: USDT Stablecoin","0 ETH","0.00202414"
"0xaad9ee6958d389475c9efab10a7b77f7716fe0821c0841e4d9b51a660c2252ac","Transfer","19449181","2024-03-16 18:18:11","0xaf8607143a220ddc66c427614715c9d7d03f9125","","0xdac17f958d2ee523a2206206994597c13d831ec7","Tether: USDT Stablecoin","0 ETH","0.00202414"
"0xf6c0e55d845574870d6170adf25c8f3f38c4745e597dd3675a4d9cffb9652779","Transfer","19449181","2024-03-16 18:18:11","0x9d2a199410b8f357f2463ef653c23ecd46d8e825","","0xdac17f958d2ee523a2206206994597c13d831ec7","Tether: USDT Stablecoin","0 ETH","0.00202414"
"0x55eef338f2c7ebacc00923a96bb4b875b45fb7044defcad867a9ee829575c004","Transfer","19449181","2024-03-16 18:18:11","0xb95bbf24167f2c6a86627f478e2406fec563bb48","","0xdac17f958d2ee523a2206206994597c13d831ec7","Tether: USDT Stablecoin","0 ETH","0.00202414"
"0x7d9cb25d849b4b0fb2d6244ab9851e4879c7ba55f26bd71276962a36527d1439","Transfer","19449181","2024-03-16 18:18:11","0xbdc78aa0f35e641badc38f653670145fa7b4276d","","0xdac17f958d2ee523a2206206994597c13d831ec7","Tether: USDT Stablecoin","0 ETH","0.00202414"
"0x8a1747231af9ba7267cb88cdde7bf2c0cdfd1577c165899310e2317c987889f8","Transfer","19449181","2024-03-16 18:18:11","0xf405118e211c4b6f0a3f2f7448030ec78aa9fd44","","0xdac17f958d2ee523a2206206994597c13d831ec7","Tether: USDT Stablecoin","0 ETH","0.00202414"
"0xeea4004ace89042301cb5cd87d885c2d17cafb6a1ab16da80497c50c163d9edd","Transfer","19449181","2024-03-16 18:18:11","0x6a01bfd79871ea7d60d178106f3f2d9aedf05c9d","","0xdac17f958d2ee523a2206206994597c13d831ec7","Tether: USDT Stablecoin","0 ETH","0.00202414"
"0x59000e041114969e510b97adb52c8d8661e9c98ec0f8426c40b7b7bbebf199cf","Transfer","19449181","2024-03-16 18:18:11","0x9695fec1f63ebfcd2c024b558b3f849fb67519f5","","0xdac17f958d2ee523a2206206994597c13d831ec7","Tether: USDT Stablecoin","0 ETH","0.00202414"
"0x416556f433a738d5ad02cd76f418ed3a7911c7b3510e034236cce15908a3a228","Transfer","19449181","2024-03-16 18:18:11","0x5aa816ef245a81b53d0314c7583d838af09eb48e","","0xdac17f958d2ee523a2206206994597c13d831ec7","Tether: USDT Stablecoin","0 ETH","0.00202414"
"0x78316d73df4be5263c5b7425391b8cd5842c741575dec16c4463a660902e35ea","Transfer","19449181","2024-03-16 18:18:11","0xc8fb43f3391cabcf90e02dd51b982b6319da5039","","0xdac17f958d2ee523a2206206994597c13d831ec7","Tether: USDT Stablecoin","0 ETH","0.00202414"
"0x31dd8c5b73d0870b77bf13f765503e87b3ab9cfcebb2384a4d3296176ad87087","Approve","19449181","2024-03-16 18:18:11","0x67bb6879b16ef6bc9035e92dd6c24facacb931b6","","0x018dd3a0dd7f213cc822076b3800816d3ce1ed86","","0 ETH","0.00229495"
"0xd3c3771b33569618ddc71dfe3a6daafa43433dd978199490eacc762808a0bdc2","Transfer","19449181","2024-03-16 18:18:11","0x0e32092bbe316672074871cbd6048d5fba75a14a","","0xcbd6832ebc203e49e2b771897067fce3c58575ac","Rollbit: Hot Wallet","0.197184719 ETH","0.00105037"
"0xf3f1123539132af3c9710a8e3760aba9afd43a18fc0ac45e2b0e348c79281299","Transfer","19449181","2024-03-16 18:18:11","0x4268ac9f33a3eeebcc2793d2c7bd8e5b4fd7f153","","0xcbd6832ebc203e49e2b771897067fce3c58575ac","Rollbit: Hot Wallet","0.218787898 ETH","0.00105037"
"0xe98b5553aa83827402e03359527c96e30eeca8e49afa5cb7fb6a020c93923245","Swap Exact Tokens For Tokens","19449181","2024-03-16 18:18:11","0xb1b2d032aa2f52347fbcfd08e5c3cc55216e8404","","0x7a250d5630b4cf539739df2c5dacb4c659f2488d","Uniswap V2: Router 2","0 ETH","0.00647007"
"0x8e8960def0013619a4527b897b0f11f2bf4c3ca4378f486f48fbf9edb40dbe40","Transfer","19449181","2024-03-16 18:18:11","0x75e89d5979e4f6fba9f97c104c2f0afb3f1dcb88","MEXC: Mexc.com","0x576ae6d59f6469be18950ac4f2ea8081c6323c73","","0.1 ETH","0.00120659"
"0x60fbad102e46e4933dc03981813092501dd8f2ac67501097faf192e16a9ef726","Transfer","19449181","2024-03-16 18:18:11","0x75e89d5979e4f6fba9f97c104c2f0afb3f1dcb88","MEXC: Mexc.com","0x53285e8e0b11cdf14ac0584829e398f281034439","","0.85175948 ETH","0.00120659"
"0x311322001609f0bdc3dbd0288d5c5d9bb1f25fe918b4b176d178f8d54da85105","Transfer","19449181","2024-03-16 18:18:11","0x75e89d5979e4f6fba9f97c104c2f0afb3f1dcb88","MEXC: Mexc.com","0x767f2a16be239f767c09ea0934c821b326f183dd","","0.007 ETH","0.00120659"
"0x0ebb6d9a88f6bb09cb5b8c369acb59f9f7ee20f9a21b9ca1d9ae9e4e441b6bde","Transfer","19449181","2024-03-16 18:18:11","0x75e89d5979e4f6fba9f97c104c2f0afb3f1dcb88","MEXC: Mexc.com","0x5c32a22516619113c5b835331cb2b1ea669410e3","","0.08997 ETH","0.00120659"
"0x38724772fb51a0cb09e797f187bba56ce85fdb643a8dd417bfcca65a0654bc03","Transfer","19449181","2024-03-16 18:18:11","0x75e89d5979e4f6fba9f97c104c2f0afb3f1dcb88","MEXC: Mexc.com","0xa01199c61841fce3b3dafb83fefc1899715c8756","Cirus Foundation: CIRUS Token","0 ETH","0.00203668"
"0x2d5d0fa95d2660e5b219ede15c1c3c89d4c415699d2a5771be233ca8ba13d271","Transfer","19449181","2024-03-16 18:18:11","0x75e89d5979e4f6fba9f97c104c2f0afb3f1dcb88","MEXC: Mexc.com","0x13e574e58a08e39043abb998c12cce8ca00e0d23","","0.007 ETH","0.00120659"
"0x13eaa62c23bcf5083824cce833262f3f9de14847934640ee55cc6251fbd45976","Transfer","19449181","2024-03-16 18:18:11","0x75e89d5979e4f6fba9f97c104c2f0afb3f1dcb88","MEXC: Mexc.com","0x6c936d4ae98e6d2172db18c16c4b601c99918ee6","LIFE Crypto: LIFE Token","0 ETH","0.0030277"
"0xed3fae9bbfa75f373a6d9c9ffd4ce95d8aa013562a8a67b21af79ecd9f9b73be","Transfer","19449181","2024-03-16 18:18:11","0x75e89d5979e4f6fba9f97c104c2f0afb3f1dcb88","MEXC: Mexc.com","0x7d3e59aa6b0f9269a37b94dffc842ee49c28a495","","0.007 ETH","0.00120659"
"0x66bd61f277ad937611f405f14979612f1d18e3cb93c110d1455bea89cc58b997","Transfer","19449181","2024-03-16 18:18:11","0x75e89d5979e4f6fba9f97c104c2f0afb3f1dcb88","MEXC: Mexc.com","0xff836a5821e69066c87e268bc51b849fab94240c","Real Smurf Cat: шайлушай Token","0 ETH","0.00249214"
"0xdad844fc77bdc7a0000bd9111fe6afa9cbea2b69a604290c160746dd732bde36","Transfer","19449181","2024-03-16 18:18:11","0x75e89d5979e4f6fba9f97c104c2f0afb3f1dcb88","MEXC: Mexc.com","0x607e44fb8ded771e04e1236899c914825ca611b8","","0.007 ETH","0.00120659"
"0x2685b12669fe029067b79339c867c466ed007e71603cfe345b9e2958b7bd3050","Delegate","19449181","2024-03-16 18:18:11","0xf0475a1f184f062d1eee88f0d79ec4eb2795d4f0","","0x81153f0889ab398c4acb42cb58b565a5392bba95","MEV Bot: 0x811...a95","0 ETH","0.00203536"
"0xeb696bd573ac64351a8d3fc9ba4c442abfccecab160a66418e8d8d137a2537ba","Transfer","19449181","2024-03-16 18:18:11","0x75e89d5979e4f6fba9f97c104c2f0afb3f1dcb88","MEXC: Mexc.com","0x11a5e433827e8c591bb267d140ec75ca6152ea01","","0.007 ETH","0.00120659"
"0x8985b858f6b3a1e6380d1890caaa424eda7b5301d7b4aa87cba0063144554a48","Transfer","19449181","2024-03-16 18:18:11","0x75e89d5979e4f6fba9f97c104c2f0afb3f1dcb88","MEXC: Mexc.com","0x8958c2cb860a2c88e9ab9f8788105b2ea7ac5e8b","","0.007 ETH","0.00120659"
"0x1381d55bca31bca7a555dff2de3ba0dd18f4d22d009d87aa254e7e23e40554e6","Transfer","19449181","2024-03-16 18:18:11","0x75e89d5979e4f6fba9f97c104c2f0afb3f1dcb88","MEXC: Mexc.com","0xb750ca16a3988acc83ccd225c424a4fdd62d3f27","","0.007 ETH","0.00120659"
"0x19e03acfe34ce63a05b45a3ea645635baf4ba9a017f60ba0312ed956e284515a","Transfer","19449181","2024-03-16 18:18:11","0x75e89d5979e4f6fba9f97c104c2f0afb3f1dcb88","MEXC: Mexc.com","0xdb45294973a60a3264e7bc22e93eef722723befa","","0.007 ETH","0.00120659"
"0x8cc54cbf5962d38dd5817c977e2be1c8bd40211979c94e23058d08830590eab6","Transfer","19449181","2024-03-16 18:18:11","0x75e89d5979e4f6fba9f97c104c2f0afb3f1dcb88","MEXC: Mexc.com","0xc4f6059b19f4b110c34cd57ed8246617e96198c0","","0.007 ETH","0.00120659"
"0x95c1ec3f87a098c6c9eec243271cd36f59828e0d0e51ec1d2bf3e478c5ed548e","Transfer","19449181","2024-03-16 18:18:11","0x75e89d5979e4f6fba9f97c104c2f0afb3f1dcb88","MEXC: Mexc.com","0xf835ca5b15b040a4bba92bd6d7ddd1c9c7db22d6","","0.007 ETH","0.00120659"
"0x9dfdaa191bac07788da23f7cd35cf58fa9e2194d887c599eebf7ac55fdf3da2f","Transfer","19449181","2024-03-16 18:18:11","0x75e89d5979e4f6fba9f97c104c2f0afb3f1dcb88","MEXC: Mexc.com","0x106d735b43c96795a129502c56b0013c7129904c","","0.007 ETH","0.00120659"
"0x4677685e65b0a2bf5453e3a48645e79f3efd2c124609c4a4ea184f4a874ddd85","Transfer","19449181","2024-03-16 18:18:11","0x75e89d5979e4f6fba9f97c104c2f0afb3f1dcb88","MEXC: Mexc.com","0x10a77def15bace88f8d790d02c3456fb723fb741","","0.007 ETH","0.00120659"
"0xbc03f12204a97a08d328eb295eabb2bac3be7abd594d455c982110d4376e9a91","Transfer","19449180","2024-03-16 18:17:59","0x95222290dd7278aa3ddd389cc1e1d165cc4bafe5","beaverbuild","0x388c818ca8b9251b393131c08a736a67ccb19297","Lido: Execution Layer Rewards Vault","0.080771075 ETH","0.00090669"
"0x68c96000f7ff18e5e630dc13c936ddd37a4ebcaf05657f478f4a0e971c5963eb","Approve","19449180","2024-03-16 18:17:59","0x579031c51cbc0c28e062a74b289204c254fabe34","","0xe485e2f1bab389c08721b291f6b59780fec83fd7","","0 ETH","0.00192875"
"0x760129f527c22dbbef06ac862f1d72bcdded5f541c52189c4a5ebe8e36b296ff","Approve","19449180","2024-03-16 18:17:59","0x69d35a760ee88242a3a9e97fd85c8bb272d0e7e2","","0xea7b7dc089c9a4a916b5a7a37617f59fd54e37e4","HyperCycle: HyPC Token","0 ETH","0.00189474"
"0x5560bf974e3bdede0d4d6576e78a0e626c58b777fde7d8fa46565b8b887201db","Approve","19449180","2024-03-16 18:17:59","0xdb85ed52fc2037f08e6433614020a22c942d931b","","0xc02aaa39b223fe8d0a0e5c4f27ead9083c756cc2","Wrapped Ether","0 ETH","0.00189926"
"0xbf72fb8830d85e3e2e3168f742d3f0565111db235f74f1342f30f8cc74ad8c25","Transfer","19449180","2024-03-16 18:17:59","0x475961059d8a3a1cd065fbd9b6920026083bacaa","","0xda652fbf74e3271160477aa46a35a77e2f959f1b","","3.9 ETH","0.00086136"
"0xa8cb5b8333f576f112e33bf8c8b443bf7ddb18980c99bd3a089fdf03c43d5744","Approve","19449180","2024-03-16 18:17:59","0x97ce66e21577ef74157590041182a14574e93a0c","","0x7d1afa7b718fb893db30a3abc0cfc608aacfebb0","Polygon (Matic): Old Matic Token","0 ETH","0.00198687"
"0xa2f428cca448fd071663d3a3d2dcccabc61987be14b4b266000c9c59208c752f","Transfer","19449180","2024-03-16 18:17:59","0xe89ea6c022ffd9ebd9e9c5144bdf1ed028a90af1","","0xfde82475633c383e63ad0129f1cb1bad2c8190ee","","0.14045886 ETH","0.00086136"
"0xff99309f3c2cb88d6b2e4a4ab0315a94ccff2f85111b7239aeb98149374a334f","Transfer","19449180","2024-03-16 18:17:59","0x72cc4c9f711097286c4e2f7b01a1ec76166f9e4d","","0x1bbe973bef3a977fc51cbed703e8ffdefe001fed","Portal: PORTAL Token","0 ETH","0.00200619"
"0xf7431bcd94b21f10f31cb6e672aeedcd28e4cd4611355bf3193bceea54f6b14c","Transfer","19449180","2024-03-16 18:17:59","0xf2e5f6f6c76c67fccffc0a240d828da1d90e7b16","","0x6982508145454ce325ddbe47a25d4ec3d2311933","Pepe: PEPE Token","0 ETH","0.00228507"
"0x4f5020c0e9bc283188d022d5e62cedef59171cd1eeff410b7787a2650fb26f2f","Approve","19449180","2024-03-16 18:17:59","0x5e07ef033761d4f7fa1303258d5c4330509489ab","","0x599955aa9fbc197a1b717d8da6a7012cafe70ab3","","0 ETH","0.00111685"
"0x2cb886eeb19c325b7027e2e6fd917e9ff9c2cadf02f1e818c9e77dc0b6290838","0x00000000","19449180","2024-03-16 18:17:59","0xe0eff3faadeb711b71f1a37f6f41755883f4e0c4","","0x24c392cdbf32cf911b258981a66d5541d85269ce","","0 ETH","0.0022381"
"0xcd5b2cfcdd46f6f7f5991cfaf8c006264972444da08d5cefdfc0e8ed01a6594b","Execute","19449180","2024-03-16 18:17:59","0x5e07ef033761d4f7fa1303258d5c4330509489ab","","0x3fc91a3afd70395cd496c647d5a6cc9d4b2b7fad","Uniswap: Universal Router","0 ETH","0.00102118"